0.000000,	-0.559648,-0.432197,	0.726866,-0.941212
0.000000,	0.658938,-0.258457,	0.434020,1.106539
0.000000,	-0.362350,-0.608853,	1.020904,-0.607576
0.000000,	-0.655603,0.270527,	-0.452933,-1.097653
0.000000,	-0.631816,0.323741,	-0.541222,-1.056253
0.000000,	-0.274738,-0.655377,	1.094014,-0.458616
0.000000,	0.651697,0.285117,	-0.475236,1.086257
0.000000,	0.394586,0.592707,	-0.986471,0.656728
0.000000,	0.584492,0.407884,	-0.677858,0.971361
0.000000,	-0.224350,0.677250,	-1.123856,-0.372295
0.000000,	-0.710883,-0.068157,	0.112935,-1.177933
0.000000,	0.278282,-0.658452,	1.089453,0.460436
0.000000,	0.159319,0.697580,	-1.152501,0.263217
0.000000,	-0.524137,0.488140,	-0.805298,-0.864682
0.000000,	-0.297320,0.652381,	-1.074679,-0.489781
0.000000,	-0.703969,0.139385,	-0.229277,-1.157971
0.000000,	-0.148028,0.702914,	-1.154555,-0.243141
0.000000,	-0.192353,0.692820,	-1.136326,-0.315487
0.000000,	-0.310183,-0.649451,	1.063651,-0.508008
0.000000,	0.141421,0.706399,	-1.155247,0.231279
0.000000,	0.209059,0.690141,	-1.127029,0.341402
0.000000,	-0.463133,0.553632,	-0.902802,-0.755227
0.000000,	-0.652426,-0.310386,	0.505417,-1.062377
0.000000,	0.469643,-0.549941,	0.894211,0.763645
0.000000,	-0.193705,0.697480,	-1.132487,-0.314516
0.000000,	-0.211235,0.693094,	-1.123758,-0.342489
0.000000,	0.011725,-0.725164,	1.174078,0.018983
0.000000,	0.195591,0.699102,	-1.130272,0.316221
0.000000,	0.481679,-0.544045,	0.878333,0.777647
0.000000,	-0.238966,-0.686946,	1.107468,-0.385251
0.000000,	-0.719872,-0.108553,	0.174757,-1.158907
0.000000,	0.717205,0.128905,	-0.207228,1.152982
0.000000,	0.397270,0.611700,	-0.981984,0.637752
0.000000,	-0.570474,-0.455587,	0.730341,-0.914514
0.000000,	0.721929,-0.113219,	0.181244,1.155682
0.000000,	0.642169,0.350170,	-0.559775,1.026559
0.000000,	-0.606017,-0.410784,	0.655753,-0.967411
0.000000,	0.682823,0.265994,	-0.424025,1.088497
0.000000,	-0.261317,-0.685356,	1.091013,-0.415988
0.000000,	-0.233540,0.696031,	-1.106463,-0.371252
0.000000,	0.340726,0.651080,	-1.033569,0.540892
0.000000,	-0.711138,-0.187837,	0.297771,-1.127343
0.000000,	-0.708054,-0.201641,	0.319212,-1.120901
0.000000,	-0.131285,0.725096,	-1.146293,-0.207547
0.000000,	-0.653242,0.342454,	-0.540634,-1.031276
0.000000,	-0.724651,-0.141000,	0.222292,-1.142435
0.000000,	-0.016436,0.738735,	-1.163039,-0.025877
0.000000,	-0.148073,0.724620,	-1.139252,-0.232802
0.000000,	0.177806,-0.718599,	1.128240,0.279165
0.000000,	-0.478742,0.565514,	-0.886674,-0.750624
0.000000,	0.542347,-0.505826,	0.792007,0.849191
0.000000,	-0.216535,0.710009,	-1.110197,-0.338583
0.000000,	0.585228,-0.457720,	0.714736,0.913842
0.000000,	0.608531,0.427423,	-0.666522,0.948939
0.000000,	0.736497,-0.107574,	0.167523,1.146935
0.000000,	0.665285,0.335255,	-0.521381,1.034637
0.000000,	0.129171,0.734381,	-1.140552,0.200614
0.000000,	-0.313187,-0.677432,	1.050689,-0.485749
0.000000,	0.039805,0.745933,	-1.155378,0.061654
0.000000,	-0.281870,0.692495,	-1.071168,-0.436004
0.000000,	0.682700,-0.306464,	0.473411,1.054603
0.000000,	-0.038343,-0.748017,	1.153957,-0.059151
0.000000,	0.236381,-0.711424,	1.096040,0.364175
0.000000,	-0.092959,-0.744553,	1.145550,-0.143024
0.000000,	0.307219,0.685286,	-1.052961,0.472050
0.000000,	-0.676787,0.327047,	-0.501850,-1.038522
0.000000,	0.600182,-0.453632,	0.695171,0.919751
0.000000,	-0.309206,-0.686580,	1.050760,-0.473217
0.000000,	0.747063,-0.099486,	0.152055,1.141815
0.000000,	0.666004,-0.354174,	0.540608,1.016582
0.000000,	0.635317,0.407888,	-0.621778,0.968465
0.000000,	-0.754944,0.032551,	-0.049555,-1.149311
0.000000,	0.678108,-0.334917,	0.509203,1.030984
0.000000,	0.726839,-0.211436,	0.321043,1.103627
0.000000,	-0.437406,0.618608,	-0.938062,-0.663286
0.000000,	-0.275424,-0.706499,	1.069944,-0.417111
0.000000,	-0.184549,-0.736167,	1.113421,-0.279123
0.000000,	-0.699424,-0.296321,	0.447590,-1.056473
0.000000,	-0.448842,-0.613629,	0.925678,-0.677092
0.000000,	-0.721026,-0.243148,	0.366322,-1.086281
0.000000,	0.027860,-0.761068,	1.145123,0.041919
0.000000,	-0.627189,0.433167,	-0.650913,-0.942468
0.000000,	0.519954,0.558254,	-0.837799,0.780320
0.000000,	0.760577,-0.067247,	0.100791,1.139966
0.000000,	0.607763,-0.463276,	0.693474,0.909755
0.000000,	-0.334692,0.687736,	-1.028147,-0.500355
0.000000,	-0.138015,-0.752962,	1.124216,-0.206065
0.000000,	-0.471333,-0.604024,	0.900691,-0.702828
0.000000,	0.658747,0.392495,	-0.584523,0.981037
0.000000,	-0.371522,-0.671544,	0.998822,-0.552583
0.000000,	-0.550836,-0.535332,	0.795214,-0.818245
0.000000,	-0.525174,0.561420,	-0.832909,-0.779134
0.000000,	0.063632,0.766780,	-1.136133,0.094283
0.000000,	-0.751221,-0.169315,	0.250556,-1.111671
0.000000,	0.296075,0.711575,	-1.051674,0.437584
0.000000,	0.054040,0.769467,	-1.135801,0.079769
0.000000,	-0.535164,-0.556416,	0.820286,-0.788956
0.000000,	0.540301,0.552336,	-0.813247,0.795527
0.000000,	-0.151247,0.758370,	-1.115206,-0.222413
0.000000,	-0.654308,0.413377,	-0.607123,-0.960975
0.000000,	-0.710720,0.308020,	-0.451821,-1.042522
0.000000,	-0.547851,-0.548506,	0.803573,-0.802614
0.000000,	-0.737690,-0.240443,	0.351816,-1.079386
0.000000,	-0.553869,-0.544270,	0.795383,-0.809411
0.000000,	-0.101374,-0.770534,	1.124642,-0.147961
0.000000,	0.377001,-0.680346,	0.991775,0.549574
0.000000,	0.778456,0.002513,	-0.003659,1.133391
0.000000,	-0.068111,-0.776119,	1.128592,-0.099043
0.000000,	-0.630779,0.458386,	-0.665739,-0.916114
0.000000,	-0.780315,0.010453,	-0.015163,-1.131896
0.000000,	-0.620192,-0.474723,	0.687770,-0.898522
0.000000,	-0.658975,0.420419,	-0.608347,-0.953538
0.000000,	0.768749,0.145002,	-0.209561,1.111017
0.000000,	0.782887,0.009366,	-0.013519,1.130066
0.000000,	0.783457,0.013997,	-0.020179,1.129506
0.000000,	0.677062,-0.395711,	0.569800,0.974926
0.000000,	-0.663114,-0.419857,	0.603831,-0.953680
0.000000,	-0.731432,-0.286369,	0.411351,-1.050655
0.000000,	0.314045,-0.720677,	1.033950,0.450558
0.000000,	0.566755,-0.545701,	0.781963,0.812133
0.000000,	-0.760710,0.203273,	-0.290928,-1.088743
0.000000,	-0.637052,-0.463859,	0.663082,-0.910660
0.000000,	0.777955,0.129563,	-0.184986,1.110738
0.000000,	0.447064,-0.650487,	0.927626,0.637535
0.000000,	0.001523,0.789935,	-1.125131,0.002169
0.000000,	-0.497067,-0.614755,	0.874565,-0.707140
0.000000,	0.012594,0.791101,	-1.124091,0.017895
0.000000,	0.365431,0.702467,	-0.996955,0.518626
0.000000,	-0.662009,-0.435596,	0.617468,-0.938414
0.000000,	0.312205,-0.729060,	1.032227,0.442030
0.000000,	-0.274309,-0.744818,	1.053283,-0.387914
0.000000,	0.779982,0.150428,	-0.212475,1.101697
0.000000,	-0.770980,-0.193881,	0.273525,-1.087691
0.000000,	0.786338,-0.121128,	0.170684,1.108043
0.000000,	0.003818,-0.796232,	1.120657,0.005373
0.000000,	-0.217537,0.766601,	-1.077679,-0.305811
0.000000,	0.015840,-0.797339,	1.119567,0.022241
0.000000,	0.465205,0.648525,	-0.909540,0.652439
0.000000,	-0.492596,0.628768,	-0.880795,-0.690042
0.000000,	0.393572,-0.695774,	0.973515,0.550678
0.000000,	0.091134,0.794792,	-1.110756,0.127363
0.000000,	-0.555955,-0.576120,	0.804210,-0.776061
0.000000,	-0.801208,0.008084,	-0.011271,-1.117105
0.000000,	0.677486,0.428967,	-0.597401,0.943500
0.000000,	0.792462,0.126504,	-0.175970,1.102337
0.000000,	-0.625882,0.503261,	-0.699236,-0.869606
0.000000,	-0.680285,-0.428032,	0.594022,-0.944097
0.000000,	0.726972,-0.344256,	0.477203,1.007719
0.000000,	-0.723815,-0.352266,	0.487742,-1.002182
0.000000,	-0.684029,-0.425563,	0.588546,-0.946000
0.000000,	-0.685462,0.424432,	-0.586304,-0.946887
0.000000,	-0.763213,-0.261737,	0.361143,-1.053076
0.000000,	-0.806343,0.042560,	-0.058656,-1.111307
0.000000,	0.780049,-0.211008,	0.290478,1.073833
0.000000,	0.236375,-0.773387,	1.063441,0.325027
0.000000,	0.631996,0.505550,	-0.694357,0.868028
0.000000,	0.166910,-0.792553,	1.087303,0.228984
0.000000,	-0.634966,0.503803,	-0.690378,-0.870115
0.000000,	0.553746,0.592761,	-0.811353,0.757951
0.000000,	0.298684,0.754843,	-1.032031,0.408364
0.000000,	-0.051899,-0.810744,	1.107200,-0.070876
0.000000,	-0.461026,-0.669668,	0.913499,-0.628890
0.000000,	0.663066,0.471533,	-0.642493,0.903469
0.000000,	-0.807581,-0.103982,	0.141522,-1.099135
0.000000,	0.660050,0.477843,	-0.649620,0.897327
0.000000,	0.471651,0.665241,	-0.903364,0.640479
0.000000,	0.724349,0.375924,	-0.509911,0.982522
0.000000,	-0.325331,0.749106,	-1.014960,-0.440789
0.000000,	0.439451,0.689118,	-0.932634,0.594741
0.000000,	0.530010,0.622968,	-0.842163,0.716497
0.000000,	-0.360617,0.734817,	-0.992254,-0.486956
0.000000,	-0.794582,-0.199096,	0.268547,-1.071758
0.000000,	-0.739859,-0.352999,	0.475605,-0.996832
0.000000,	-0.817722,-0.065813,	0.088573,-1.100510
0.000000,	-0.329949,-0.751754,	1.010603,-0.443560
0.000000,	-0.470131,-0.673778,	0.904772,-0.631307
0.000000,	-0.812470,-0.126066,	0.169098,-1.089801
0.000000,	-0.465598,-0.678394,	0.908951,-0.623835
0.000000,	-0.172705,-0.805092,	1.077515,-0.231144
0.000000,	-0.538516,-0.623699,	0.833821,-0.719940
0.000000,	0.821945,0.066382,	-0.088648,1.097643
0.000000,	0.809940,0.158105,	-0.210905,1.080420
0.000000,	0.674067,0.477109,	-0.635740,0.898183
0.000000,	-0.562365,0.605596,	-0.806060,-0.748518
0.000000,	0.382187,-0.733439,	0.975152,0.508140
0.000000,	-0.476674,0.676596,	-0.898589,-0.633073
0.000000,	-0.462594,0.687028,	-0.911447,-0.613701
0.000000,	-0.015622,0.828707,	-1.098206,-0.020702
0.000000,	0.173451,0.811120,	-1.073726,0.229607
0.000000,	-0.780984,-0.281183,	0.371814,-1.032708
0.000000,	-0.678316,0.479466,	-0.633317,-0.895973
0.000000,	-0.830572,-0.033925,	0.044762,-1.095894
0.000000,	0.406788,0.725620,	-0.956378,0.536153
0.000000,	-0.407300,0.726021,	-0.955871,-0.536247
0.000000,	0.391796,-0.735184,	0.966889,0.515276
0.000000,	-0.256183,-0.793329,	1.042232,-0.336559
0.000000,	0.779617,0.296981,	-0.389737,1.023114
0.000000,	0.834854,-0.004409,	0.005780,1.094424
0.000000,	-0.709705,0.440816,	-0.577252,-0.929365
0.000000,	0.638554,0.539675,	-0.705950,0.835295
0.000000,	0.160667,-0.821088,	1.072918,0.209943
0.000000,	0.700888,0.457991,	-0.597817,0.914872
0.000000,	0.790970,0.276344,	-0.360327,1.031353
0.000000,	-0.184466,-0.817907,	1.065338,-0.240270
0.000000,	-0.004019,0.839037,	-1.091696,-0.005229
0.000000,	0.487677,-0.683499,	0.888375,0.633855
0.000000,	0.828949,-0.137269,	0.178225,1.076278
0.000000,	0.195975,0.817676,	-1.060514,0.254177
0.000000,	0.833737,0.113499,	-0.147050,1.080200
0.000000,	0.792590,-0.284255,	0.367894,1.025803
0.000000,	0.702894,0.464693,	-0.600790,0.908754
0.000000,	-0.513312,-0.668962,	0.863971,-0.662948
0.000000,	-0.319897,0.780811,	-1.007363,-0.412714
0.000000,	-0.800511,0.268668,	-0.346257,-1.031692
0.000000,	-0.842271,0.067677,	-0.087130,-1.084371
0.000000,	0.734548,0.418855,	-0.538684,0.944693
0.000000,	-0.399096,-0.746138,	0.958594,-0.512734
0.000000,	-0.685630,0.496901,	-0.637721,-0.879935
0.000000,	0.686380,-0.496873,	0.637019,0.879976
0.000000,	0.806245,-0.262619,	0.336341,1.032572
0.000000,	-0.358057,0.769282,	-0.984207,-0.458091
0.000000,	-0.849111,0.003278,	-0.004190,-1.085208
0.000000,	-0.688781,0.497575,	-0.635267,-0.879383
0.000000,	0.843717,0.105556,	-0.134626,1.076076
0.000000,	-0.521347,-0.672456,	0.856761,-0.664237
0.000000,	-0.767419,0.368875,	-0.469489,-0.976740
0.000000,	-0.454730,0.720569,	-0.916164,-0.578165
0.000000,	0.648172,-0.553961,	0.703604,0.823265
0.000000,	0.073208,0.850083,	-1.078605,0.092888
0.000000,	0.080395,-0.850022,	1.077418,0.101902
0.000000,	0.832931,0.190333,	-0.241003,1.054670
0.000000,	-0.120058,-0.846514,	1.070770,-0.151863
0.000000,	-0.601791,-0.608151,	0.768472,-0.760435
0.000000,	-0.853261,-0.070323,	0.088771,-1.077095
0.000000,	0.769497,0.376663,	-0.474986,0.970364
0.000000,	-0.138215,-0.846107,	1.065883,-0.174116
0.000000,	0.624813,-0.587885,	0.739834,0.786306
0.000000,	0.850122,-0.119555,	0.150302,1.068761
0.000000,	0.493970,-0.702846,	0.882710,0.620381
0.000000,	0.424504,-0.747527,	0.937872,0.532596
0.000000,	0.011650,0.860154,	-1.078083,0.014602
0.000000,	0.736493,-0.445621,	0.557958,0.922158
0.000000,	0.767416,0.391244,	-0.489379,0.959905
0.000000,	0.439265,-0.741651,	0.926741,0.548889
0.000000,	-0.593094,-0.626290,	0.781800,-0.740362
0.000000,	0.009439,-0.863082,	1.076304,0.011771
0.000000,	-0.583280,-0.637012,	0.793585,-0.726646
0.000000,	0.708882,0.494455,	-0.615370,0.882234
0.000000,	0.861119,0.080457,	-0.100032,1.070624
0.000000,	-0.748133,-0.435083,	0.540394,-0.929217
0.000000,	0.786461,0.362601,	-0.449917,0.975846
0.000000,	0.866552,-0.009399,	0.011651,1.074149
0.000000,	-0.513286,-0.698955,	0.865537,-0.635618
0.000000,	0.864140,-0.079135,	0.097898,1.069025
0.000000,	0.441104,-0.747949,	0.924364,0.545146
0.000000,	-0.428401,0.755958,	-0.933335,-0.528920
0.000000,	-0.459448,-0.738179,	0.910479,-0.566689
0.000000,	0.837050,-0.237375,	0.292492,1.031406
0.000000,	-0.323095,0.808461,	-0.995193,-0.397720
0.000000,	0.349056,0.798223,	-0.981619,0.429254
0.000000,	0.853213,-0.178961,	0.219861,1.048208
0.000000,	0.435742,-0.755731,	0.927531,0.534800
0.000000,	-0.319042,0.812535,	-0.996267,-0.391184
0.000000,	0.300384,-0.820225,	1.004708,0.367946
0.000000,	-0.758771,0.433897,	-0.530965,-0.928519
0.000000,	-0.171818,-0.857601,	1.048429,-0.210049
0.000000,	-0.729198,0.484015,	-0.591136,-0.890582
0.000000,	0.694707,-0.533276,	0.650662,0.847627
0.000000,	0.846271,-0.227652,	0.277493,1.031546
0.000000,	0.870872,0.102870,	-0.125270,1.060497
0.000000,	0.227143,-0.847588,	1.031138,0.276332
0.000000,	-0.778706,0.405729,	-0.493112,-0.946418
0.000000,	0.874641,0.083683,	-0.101607,1.061981
0.000000,	-0.801760,0.360807,	-0.437663,-0.972545
0.000000,	0.726947,-0.495528,	0.600499,0.880941
0.000000,	0.542641,-0.693211,	0.839246,0.656956
0.000000,	0.849068,0.234698,	-0.283866,1.026943
0.000000,	-0.476843,-0.741364,	0.895810,-0.576182
0.000000,	-0.508806,0.720497,	-0.869756,-0.614211
0.000000,	-0.882398,-0.019335,	0.023318,-1.064171
0.000000,	0.472983,-0.745847,	0.898625,0.569868
0.000000,	0.874442,0.127870,	-0.153915,1.052550
0.000000,	0.627796,0.622794,	-0.748927,0.754941
0.000000,	-0.062083,0.882692,	-1.060445,-0.074585
0.000000,	0.450473,-0.762282,	0.914911,0.540669
0.000000,	-0.350876,0.813564,	-0.975527,-0.420728
0.000000,	0.885534,0.042771,	-0.051237,1.060812
0.000000,	0.716884,-0.522568,	0.625406,0.857961
0.000000,	-0.608755,0.646078,	-0.772486,-0.727860
0.000000,	0.717960,0.523004,	-0.624737,0.857615
0.000000,	-0.552654,-0.696113,	0.830729,-0.659528
0.000000,	0.110854,-0.882446,	1.052097,0.132166
0.000000,	0.227409,-0.860398,	1.024839,0.270872
0.000000,	-0.069210,0.887812,	-1.056492,-0.082359
0.000000,	-0.509450,0.731068,	-0.869145,-0.605670
0.000000,	0.196395,0.869729,	-1.033020,0.233268
0.000000,	0.390458,-0.802211,	0.951927,0.463329
0.000000,	-0.529879,0.718491,	-0.851780,-0.628178
0.000000,	-0.725351,-0.521408,	0.617555,-0.859104
0.000000,	-0.787721,-0.422487,	0.499923,-0.932100
0.000000,	-0.765781,0.462146,	-0.546339,-0.905289
0.000000,	0.652992,0.612047,	-0.722870,0.771229
0.000000,	0.760960,-0.472166,	0.557139,0.897906
0.000000,	0.845417,0.297102,	-0.350242,0.996631
0.000000,	0.118429,0.888805,	-1.046802,0.139481
0.000000,	-0.403174,0.801530,	-0.943133,-0.474401
0.000000,	-0.531185,0.723770,	-0.850843,-0.624445
0.000000,	-0.524773,0.729118,	-0.856333,-0.616334
0.000000,	-0.298113,0.848014,	-0.995049,-0.349803
0.000000,	0.882157,-0.175494,	0.205732,1.034153
0.000000,	-0.425994,-0.792798,	0.928537,-0.498930
0.000000,	0.235213,0.869296,	-1.017189,0.275230
0.000000,	0.877051,-0.206838,	0.241804,1.025316
0.000000,	-0.290469,0.853597,	-0.996976,-0.339260
0.000000,	0.321250,-0.843089,	0.983796,0.374865
0.000000,	0.600902,0.673734,	-0.785453,0.700544
0.000000,	0.855102,-0.291205,	0.339181,0.995979
0.000000,	-0.572362,-0.699572,	0.814078,-0.666046
0.000000,	0.865709,-0.261816,	0.304390,1.006484
0.000000,	0.332483,-0.841698,	0.977672,0.386194
0.000000,	0.377350,0.823169,	-0.955275,0.437910
0.000000,	0.848114,-0.318909,	0.369751,0.983324
0.000000,	0.442960,-0.791067,	0.916345,0.513110
0.000000,	-0.906687,0.030316,	-0.035085,-1.049319
0.000000,	0.557761,-0.716173,	0.828080,0.644915
0.000000,	-0.221769,-0.880806,	1.017512,-0.256189
0.000000,	-0.133679,0.898961,	-1.037542,-0.154286
0.000000,	-0.760496,0.498644,	-0.574992,-0.876936
0.000000,	0.767560,-0.488725,	0.563043,0.884279
0.000000,	0.855492,-0.311662,	0.358730,0.984691
0.000000,	-0.911010,0.007828,	-0.009002,-1.047646
0.000000,	-0.219141,0.884860,	-1.016655,-0.251781
0.000000,	0.901699,-0.137620,	0.157976,1.035068
0.000000,	-0.872483,0.267904,	-0.307253,-1.000630
0.000000,	0.876990,0.254733,	-0.291885,1.004893
0.000000,	-0.364814,0.837801,	-0.959127,-0.417644
0.000000,	0.872901,-0.272109,	0.311235,0.998414
0.000000,	0.008985,-0.914833,	1.045437,0.010268
0.000000,	-0.892374,-0.204131,	0.233064,-1.018858
0.000000,	-0.442710,-0.801878,	0.914717,-0.505008
0.000000,	0.606858,-0.686821,	0.782770,0.691636
0.000000,	-0.886629,0.234284,	-0.266775,-1.009590
0.000000,	-0.808095,-0.434720,	0.494568,-0.919345
0.000000,	-0.911974,0.106314,	-0.120842,-1.036602
0.000000,	-0.872626,-0.287271,	0.326238,-0.990994
0.000000,	0.875354,-0.280635,	0.318419,0.993210
0.000000,	-0.918016,-0.056977,	0.064591,-1.040693
0.000000,	-0.043268,-0.919308,	1.041235,-0.049007
0.000000,	-0.919329,0.053236,	-0.060243,-1.040337
0.000000,	0.842961,0.372045,	-0.420644,0.953074
0.000000,	-0.072282,0.919117,	-1.038261,-0.081652
0.000000,	0.823178,-0.416386,	0.469947,0.929066
0.000000,	-0.638121,0.666935,	-0.752062,-0.719570
0.000000,	-0.777994,0.497720,	-0.560756,-0.876525
0.000000,	-0.797644,0.466653,	-0.525291,-0.897874
0.000000,	0.757308,0.530552,	-0.596696,0.851722
0.000000,	0.754027,-0.536137,	0.602450,0.847289
0.000000,	0.925382,0.025850,	-0.029021,1.038928
0.000000,	-0.138717,0.915837,	-1.027313,-0.155602
0.000000,	0.716696,0.587662,	-0.658617,0.803230
0.000000,	0.570449,-0.731155,	0.818721,0.638768
0.000000,	-0.041120,0.926989,	-1.037104,-0.046005
0.000000,	0.926276,-0.063349,	0.070813,1.035404
0.000000,	0.831433,-0.414390,	0.462809,0.928580
0.000000,	0.442948,0.817188,	-0.911878,0.494274
0.000000,	-0.308918,0.877251,	-0.978052,-0.344414
0.000000,	-0.910112,-0.194156,	0.216278,-1.013809
0.000000,	0.414940,0.833562,	-0.927734,0.461818
0.000000,	0.362424,-0.858283,	0.954422,0.403020
0.000000,	-0.259305,-0.895411,	0.994850,-0.288101
0.000000,	-0.042226,0.931782,	-1.034367,-0.046875
0.000000,	-0.002163,0.933271,	-1.035129,-0.002399
0.000000,	-0.475824,0.803487,	-0.890413,-0.527302
0.000000,	0.007283,-0.934316,	1.034507,0.008064
0.000000,	0.934440,0.028659,	-0.031705,1.033756
0.000000,	0.506139,-0.786653,	0.869515,0.559453
0.000000,	0.119793,0.928251,	-1.025150,0.132298
0.000000,	0.933222,0.078083,	-0.086160,1.029758
0.000000,	0.891042,-0.289904,	0.319620,0.982375
0.000000,	0.756312,-0.554069,	0.610341,0.833123
0.000000,	0.912334,-0.218279,	0.240243,1.004135
0.000000,	0.904566,0.250521,	-0.275494,0.994737
0.000000,	-0.218307,-0.913423,	1.003623,-0.239864
0.000000,	0.891672,0.296514,	-0.325518,0.978892
0.000000,	-0.785941,0.516040,	-0.566036,-0.862086
0.000000,	-0.929798,0.143092,	-0.156822,-1.019017
0.000000,	-0.541086,0.770212,	-0.843403,-0.592503
0.000000,	0.911149,0.238342,	-0.260770,0.996889
0.000000,	-0.770748,-0.542170,	0.592687,-0.842563
0.000000,	-0.059940,0.940961,	-1.027768,-0.065470
0.000000,	0.469246,-0.818418,	0.893167,0.512104
0.000000,	0.915002,-0.231886,	0.252852,0.997732
0.000000,	0.870755,-0.365768,	0.398504,0.948685
0.000000,	0.122441,0.937021,	-1.020025,0.133288
0.000000,	-0.175345,-0.929115,	1.010570,-0.190717
0.000000,	0.038521,-0.945260,	1.027268,0.041863
0.000000,	-0.900527,0.291636,	-0.316673,-0.977835
0.000000,	-0.502334,0.802908,	-0.871107,-0.545002
0.000000,	-0.933510,0.162972,	-0.176667,-1.011956
0.000000,	0.944487,-0.083330,	0.090257,1.023002
0.000000,	-0.615356,0.722036,	-0.781407,-0.665955
0.000000,	0.002058,0.949208,	-1.026403,0.002225
0.000000,	0.907103,0.281361,	-0.303990,0.980058
0.000000,	0.234685,-0.920827,	0.994059,0.253349
0.000000,	0.037090,-0.950065,	1.024772,0.040007
0.000000,	-0.522448,-0.795014,	0.856818,-0.563063
0.000000,	0.172486,0.936082,	-1.008016,0.185741
0.000000,	-0.522843,-0.796012,	0.856474,-0.562557
0.000000,	-0.737419,0.603500,	-0.648803,-0.792775
0.000000,	0.833323,-0.463220,	0.497581,0.895139
0.000000,	0.562235,0.770643,	-0.827127,0.603444
0.000000,	-0.946639,-0.121958,	0.130789,-1.015186
0.000000,	0.093387,-0.950410,	1.018392,0.100067
0.000000,	0.010912,0.955448,	-1.022949,0.011683
0.000000,	-0.918813,0.264163,	-0.282593,-0.982919
0.000000,	-0.296797,-0.909347,	0.971994,-0.317244
0.000000,	0.832925,0.471419,	-0.503484,0.889578
0.000000,	-0.954756,-0.073765,	0.078718,-1.018862
0.000000,	-0.098445,0.953052,	-1.016213,-0.104970
0.000000,	-0.690514,-0.664974,	0.708465,-0.735674
0.000000,	0.779262,0.559241,	-0.595330,0.829550
0.000000,	0.609051,0.741658,	-0.788877,0.647827
0.000000,	0.518556,0.808146,	-0.858898,0.551122
0.000000,	0.901900,-0.331023,	0.351525,0.957761
0.000000,	-0.651491,-0.706795,	0.749963,-0.691281
0.000000,	0.025426,0.961433,	-1.019325,0.026957
0.000000,	0.942302,-0.195109,	0.206690,0.998233
0.000000,	-0.936934,-0.221707,	0.234676,-0.991744
0.000000,	-0.506848,0.819210,	-0.866432,-0.536064
0.000000,	-0.455461,-0.849444,	0.897683,-0.481326
0.000000,	0.503703,-0.822364,	0.868364,0.531879
0.000000,	-0.097713,-0.959923,	1.012801,-0.103096
0.000000,	-0.965307,-0.013471,	0.014201,-1.017662
0.000000,	-0.856396,0.446751,	-0.470603,-0.902118
0.000000,	-0.940493,0.222423,	-0.234110,-0.989910
0.000000,	0.925175,-0.281159,	0.295695,0.973006
0.000000,	-0.036023,-0.966800,	1.015967,-0.037855
0.000000,	-0.929873,0.268952,	-0.282404,-0.976381
0.000000,	0.009633,0.968456,	-1.016080,0.010107
0.000000,	-0.182261,-0.951725,	0.997729,-0.191071
0.000000,	-0.860245,0.447190,	-0.468431,-0.901107
0.000000,	-0.045143,-0.969001,	1.014219,-0.047249
0.000000,	-0.536181,-0.809018,	0.846097,-0.560755
0.000000,	-0.399494,-0.885101,	0.924931,-0.417471
0.000000,	-0.634287,-0.735989,	0.768497,-0.662303
0.000000,	0.008656,0.972073,	-1.014203,0.009031
0.000000,	-0.737050,0.634632,	-0.661612,-0.768384
0.000000,	0.121790,-0.965488,	1.005737,0.126868
0.000000,	0.682549,0.694353,	-0.722727,0.710441
0.000000,	-0.222279,0.948468,	-0.986445,-0.231180
0.000000,	-0.972207,-0.069383,	0.072105,-1.010336
0.000000,	0.309721,0.924701,	-0.960210,0.321614
0.000000,	0.975145,-0.033060,	0.034302,1.011792
0.000000,	-0.641186,-0.736125,	0.763189,-0.664760
0.000000,	-0.138722,-0.966828,	1.001585,-0.143709
0.000000,	-0.832642,0.511573,	-0.529548,-0.861898
0.000000,	-0.973959,-0.086041,	0.088994,-1.007390
0.000000,	0.664317,0.718110,	-0.742177,0.686581
0.000000,	-0.938871,-0.276626,	0.285673,-0.969575
0.000000,	0.550618,-0.809827,	0.835657,0.568181
0.000000,	-0.263196,0.943784,	-0.973126,-0.271379
0.000000,	0.173418,-0.964845,	0.994066,0.178670
0.000000,	0.616710,0.762672,	-0.785157,0.634892
0.000000,	-0.554747,-0.809479,	0.832695,-0.570657
0.000000,	-0.666025,-0.721395,	0.741507,-0.684594
0.000000,	-0.772273,0.607119,	-0.623561,-0.793187
0.000000,	0.982814,0.008717,	-0.008946,1.008646
0.000000,	-0.900345,-0.395448,	0.405527,-0.923292
0.000000,	0.749312,-0.637599,	0.653342,0.767814
0.000000,	-0.940830,0.289548,	-0.296468,-0.963315
0.000000,	-0.810458,-0.559605,	0.572536,-0.829185
0.000000,	-0.614488,-0.770327,	0.787519,-0.628202
0.000000,	0.474084,-0.864433,	0.883043,0.484290
0.000000,	0.365311,-0.916269,	0.935273,0.372887
0.000000,	0.903427,0.397264,	-0.405191,0.921455
0.000000,	0.860839,0.483691,	-0.492963,0.877341
0.000000,	-0.505661,0.848709,	-0.864314,-0.514958
0.000000,	-0.986722,0.058129,	-0.059153,-1.004093
0.000000,	-0.725019,-0.672568,	0.683883,-0.737217
0.000000,	-0.687858,-0.711232,	0.722644,-0.698895
0.000000,	-0.447454,0.883054,	-0.896536,-0.454286
0.000000,	0.265641,-0.954167,	0.967994,0.269490
0.000000,	0.855526,0.500075,	-0.506934,0.867261
0.000000,	-0.026944,0.991097,	-1.003925,-0.027293
0.000000,	-0.379217,-0.916621,	0.927777,-0.383832
0.000000,	-0.870362,0.476939,	-0.482376,-0.880284
0.000000,	0.983391,0.137633,	-0.139096,0.993844
0.000000,	0.204540,0.972195,	-0.981783,0.206557
0.000000,	0.876258,0.469225,	-0.473493,0.884228
0.000000,	-0.915537,-0.388320,	0.391555,-0.923163
0.000000,	0.133537,0.985986,	-0.993446,0.134547
0.000000,	-0.670317,0.735985,	-0.740993,-0.674878
0.000000,	-0.137516,0.986453,	-0.992413,-0.138347
0.000000,	0.807282,-0.584205,	0.587291,0.811547
0.000000,	-0.524502,-0.847878,	0.851714,-0.526875
0.000000,	-0.938801,0.337124,	-0.338394,-0.942337
0.000000,	0.978815,-0.194733,	0.195319,0.981762
0.000000,	-0.494097,-0.867680,	0.869637,-0.495212
0.000000,	-0.657821,0.751846,	-0.752975,-0.658809
0.000000,	0.998634,0.041606,	-0.041637,0.999383
0.000000,	0.271892,0.962328,	-0.962328,0.271892
0.000000,	0.202612,-0.979770,	0.979035,0.202460
0.000000,	0.103160,-0.995670,	0.994179,0.103006
0.000000,	0.358366,-0.935186,	0.933088,0.357562
0.000000,	-0.236418,0.973708,	-0.970797,-0.235711
0.000000,	-0.772639,-0.638771,	0.636387,-0.769754
0.000000,	-0.958106,0.296704,	-0.295376,-0.953817
0.000000,	0.147573,0.992584,	-0.987404,0.146803
0.000000,	-0.769781,0.644544,	-0.640703,-0.765195
0.000000,	0.019787,1.004295,	-0.997569,0.019655
0.000000,	1.003863,0.047521,	-0.047168,0.996400
0.000000,	0.573105,0.826166,	-0.819415,0.568422
0.000000,	1.005582,0.028372,	-0.028119,0.996626
0.000000,	0.847089,-0.543544,	0.538304,0.838923
0.000000,	0.076856,1.004038,	-0.993624,0.076059
0.000000,	-0.470100,0.891070,	-0.881175,-0.464880
0.000000,	0.269985,-0.971138,	0.959645,0.266789
0.000000,	-0.913271,0.427710,	-0.422336,-0.901798
0.000000,	-0.938328,0.370865,	-0.365935,-0.925857
0.000000,	0.818120,0.591337,	-0.583048,0.806652
0.000000,	0.214245,-0.986965,	0.972415,0.211086
0.000000,	-1.000738,-0.139727,	0.137566,-0.985260
0.000000,	0.809622,0.605402,	-0.595602,0.796515
0.000000,	0.585665,-0.824619,	0.810675,0.575762
0.000000,	0.521348,0.867293,	-0.852002,0.512156
0.000000,	-0.928132,-0.404440,	0.397019,-0.911101
0.000000,	0.733147,0.698925,	-0.685599,0.719168
0.000000,	-0.160761,1.000578,	-0.980783,-0.157581
0.000000,	1.013848,-0.010619,	0.010401,0.993066
0.000000,	0.915944,-0.435943,	0.426695,0.896515
0.000000,	0.808562,0.613374,	-0.599926,0.790834
0.000000,	0.247129,0.984849,	-0.962555,0.241534
0.000000,	-0.401050,0.933359,	-0.911568,-0.391687
0.000000,	-1.001154,0.175189,	-0.170974,-0.977070
0.000000,	0.631952,0.796641,	-0.776913,0.616302
0.000000,	-0.721534,0.717209,	-0.698941,-0.703156
0.000000,	-0.387715,-0.941104,	0.916469,-0.377565
0.000000,	0.240219,-0.989593,	0.962992,0.233762
0.000000,	0.997243,0.208584,	-0.202830,0.969734
0.000000,	0.838022,0.580275,	-0.563861,0.814317
0.000000,	-0.518121,0.878380,	-0.852918,-0.503102
0.000000,	-1.009559,-0.147615,	0.143233,-0.979589
0.000000,	-0.592610,0.831152,	-0.805897,-0.574604
0.000000,	0.433259,0.924817,	-0.896072,0.419792
0.000000,	0.878497,-0.521769,	0.505188,0.850580
0.000000,	-0.690839,0.753486,	-0.729018,-0.668405
0.000000,	0.556368,0.858170,	-0.829706,0.537914
0.000000,	0.860418,0.553788,	-0.535037,0.831284
0.000000,	-0.084475,1.020227,	-0.984977,-0.081557
0.000000,	-0.807253,0.630351,	-0.608136,-0.778804
0.000000,	0.383464,0.950239,	-0.916096,0.369686
0.000000,	0.037695,-1.024490,	0.986974,0.036314
0.000000,	-0.646992,-0.795865,	0.766174,-0.622855
0.000000,	-0.429215,0.932081,	-0.896669,-0.412909
0.000000,	-0.710290,-0.741275,	0.712605,-0.682819
0.000000,	-0.182597,1.010771,	-0.970987,-0.175410
0.000000,	-0.534092,0.877921,	-0.842767,-0.512705
0.000000,	-0.908700,-0.480899,	0.461315,-0.871695
0.000000,	-0.925840,0.448130,	-0.429576,-0.887507
0.000000,	0.790893,0.658398,	-0.630691,0.757610
0.000000,	-0.588290,0.844935,	-0.808805,-0.563134
0.000000,	-0.755217,0.700462,	-0.670036,-0.722412
0.000000,	0.349039,-0.969625,	0.926852,0.333641
0.000000,	0.764910,-0.691312,	0.660350,0.730652
0.000000,	-0.739818,0.718797,	-0.686120,-0.706186
0.000000,	0.440303,0.933345,	-0.890287,0.419991
0.000000,	-0.976393,0.335644,	-0.319934,-0.930694
0.000000,	0.384041,0.958912,	-0.913389,0.365809
0.000000,	0.840428,0.601399,	-0.572446,0.799967
0.000000,	0.528349,0.888734,	-0.845353,0.502560
0.000000,	1.020076,0.171597,	-0.163107,0.969604
0.000000,	-0.602101,-0.841709,	0.799503,-0.571910
0.000000,	0.216152,-1.012560,	0.961114,0.205170
0.000000,	0.418786,0.947427,	-0.898661,0.397230
0.000000,	1.023718,-0.161251,	0.152844,0.970347
0.000000,	-0.121942,-1.029626,	0.975266,-0.115504
0.000000,	-0.970674,0.365775,	-0.346222,-0.918786
0.000000,	-0.008213,1.037754,	-0.981595,-0.007768
0.000000,	-0.789773,-0.673987,	0.637071,-0.746514
0.000000,	1.028420,0.146124,	-0.138025,0.971414
0.000000,	0.854011,0.592170,	-0.558957,0.806113
0.000000,	-1.039711,-0.000470,	0.000444,-0.980717
0.000000,	0.077106,1.037331,	-0.977793,0.072681
0.000000,	-0.201484,1.020982,	-0.961716,-0.189788
0.000000,	-0.963167,0.395361,	-0.372153,-0.906629
0.000000,	0.898183,-0.527511,	0.496203,0.844875
0.000000,	0.287830,1.001576,	-0.941481,0.270560
0.000000,	-0.303966,-0.997299,	0.936813,-0.285531
0.000000,	-1.024816,0.194300,	-0.182390,-0.961998
0.000000,	0.974265,-0.373908,	0.350747,0.913916
0.000000,	0.883055,0.556968,	-0.522108,0.827786
0.000000,	0.126062,-1.036874,	0.971309,0.118091
0.000000,	1.038009,0.120569,	-0.112868,0.971705
0.000000,	0.868643,0.581772,	-0.544237,0.812599
0.000000,	0.996421,-0.318033,	0.297310,0.931494
0.000000,	0.964946,0.404820,	-0.378182,0.901452
0.000000,	-1.046680,-0.021470,	0.020043,-0.977138
0.000000,	0.309512,-1.000601,	0.933482,0.288750
0.000000,	-1.005535,-0.294786,	0.274824,-0.937445
0.000000,	-0.866080,0.590683,	-0.550308,-0.806881
0.000000,	0.309573,1.002080,	-0.932949,0.288216
0.000000,	-0.435811,0.954499,	-0.888045,-0.405469
0.000000,	1.000745,-0.317031,	0.294758,0.930438
0.000000,	0.268891,-1.015233,	0.943266,0.249830
0.000000,	1.024932,-0.231333,	0.214788,0.951630
0.000000,	0.529240,0.908243,	-0.842714,0.491056
0.000000,	-0.142140,1.042015,	-0.966179,-0.131795
0.000000,	-0.620298,-0.849841,	0.787458,-0.574764
0.000000,	-0.038821,1.051900,	-0.974024,-0.035947
0.000000,	-0.783486,-0.703669,	0.651133,-0.724991
0.000000,	0.392288,0.977809,	-0.904194,0.362754
0.000000,	1.021627,-0.259379,	0.239690,0.944076
0.000000,	-0.654339,0.826946,	-0.763658,-0.604261
0.000000,	0.956861,-0.444316,	0.410035,0.883034
0.000000,	-0.789941,-0.699996,	0.645552,-0.728502
0.000000,	-0.476306,-0.942408,	0.868526,-0.438965
0.000000,	0.213847,-1.034538,	0.952793,0.196950
0.000000,	0.967761,0.424781,	-0.390954,0.890693
0.000000,	0.094632,-1.053112,	0.968597,0.087037
0.000000,	-0.171194,-1.043883,	0.959466,-0.157350
0.000000,	0.756877,0.739687,	-0.679414,0.695204
0.000000,	0.382651,-0.987207,	0.906159,0.351235
0.000000,	-1.033675,-0.231335,	0.212201,-0.948177
0.000000,	-1.016659,-0.299006,	0.274091,-0.931945
0.000000,	0.208010,1.039583,	-0.952323,0.190550
0.000000,	1.007565,0.331381,	-0.303363,0.922377
0.000000,	-0.736190,-0.764215,	0.699136,-0.673497
0.000000,	-0.778703,-0.721541,	0.659657,-0.711916
0.000000,	-1.025537,0.276176,	-0.252321,-0.936957
0.000000,	-1.046493,0.183992,	-0.167988,-0.955467
0.000000,	0.712632,-0.788769,	0.719682,0.650214
0.000000,	-0.970528,-0.434829,	0.396480,-0.884934
0.000000,	-0.885163,0.590328,	-0.537908,-0.806563
0.000000,	-0.828524,-0.668242,	0.608501,-0.754454
0.000000,	-1.037222,0.241184,	-0.219477,-0.943870
0.000000,	0.650147,-0.843984,	0.767516,0.591241
0.000000,	-0.762458,-0.744754,	0.676829,-0.692918
0.000000,	-0.362669,-1.002732,	0.910677,-0.329375
0.000000,	-0.526736,0.927658,	-0.841940,-0.478064
0.000000,	-0.381757,-0.996625,	0.903939,-0.346253
0.000000,	0.224677,-1.043801,	0.946104,0.203648
0.000000,	0.258047,-1.036538,	0.938904,0.233741
0.000000,	0.230435,-1.043504,	0.944592,0.208593
0.000000,	0.639314,-0.856900,	0.775167,0.578335
0.000000,	-0.390547,0.995727,	-0.900163,-0.353064
0.000000,	1.054550,0.181448,	-0.163926,0.952716
0.000000,	1.012222,0.348433,	-0.314580,0.913876
0.000000,	0.467259,0.963675,	-0.869477,0.421585
0.000000,	-0.790630,0.723122,	-0.652011,-0.712880
0.000000,	0.159225,-1.060022,	0.955157,0.143474
0.000000,	-0.278376,1.035619,	-0.932560,-0.250673
0.000000,	-0.749457,0.767668,	-0.690823,-0.674435
0.000000,	-0.971039,0.457256,	-0.411216,-0.873268
0.000000,	0.226563,1.049604,	-0.943308,0.203618
0.000000,	-0.488186,0.956909,	-0.859441,-0.438461
0.000000,	-1.074675,-0.008559,	0.007682,-0.964586
0.000000,	-0.918144,0.559474,	-0.501835,-0.823555
0.000000,	-0.254882,1.045005,	-0.936738,-0.228475
0.000000,	0.153697,-1.065072,	0.954108,0.137684
0.000000,	0.055239,1.075151,	-0.962513,0.049452
0.000000,	0.696000,0.821940,	-0.735354,0.622681
0.000000,	-0.961641,-0.486053,	0.434569,-0.859783
0.000000,	-0.545317,0.929855,	-0.830827,-0.487241
0.000000,	1.014335,0.366229,	-0.327016,0.905726
0.000000,	-0.679445,-0.838066,	0.747848,-0.606303
0.000000,	0.470443,0.971434,	-0.866301,0.419530
0.000000,	-1.044454,-0.274073,	0.244254,-0.930819
0.000000,	-0.617498,-0.886395,	0.789450,-0.549961
0.000000,	-1.080681,0.011331,	-0.010085,-0.961868
0.000000,	-0.008213,1.081172,	-0.961687,-0.007305
0.000000,	0.980997,0.455680,	-0.405061,0.872024
0.000000,	-0.605899,-0.896597,	0.796489,-0.538248
0.000000,	-0.929577,0.554876,	-0.492606,-0.825258
0.000000,	-0.063410,1.081193,	-0.959246,-0.056258
0.000000,	0.986980,-0.447069,	0.396391,0.875099
0.000000,	1.068645,0.181653,	-0.160959,0.946902
0.000000,	-0.256935,-1.053558,	0.932938,-0.227519
0.000000,	0.621295,-0.889378,	0.787053,0.549813
0.000000,	0.634581,0.880515,	-0.778714,0.561213
0.000000,	0.649294,0.870297,	-0.769187,0.573860
0.000000,	-0.826230,-0.705226,	0.622898,-0.729776
0.000000,	-0.076437,-1.084047,	0.956887,-0.067471
0.000000,	-0.837294,-0.693497,	0.611761,-0.738610
0.000000,	0.696415,-0.835467,	0.736531,0.613945
0.000000,	0.939459,0.549015,	-0.483693,0.827683
0.000000,	-0.937255,0.553672,	-0.487487,-0.825219
0.000000,	0.336189,-1.035846,	0.911448,0.295815
0.000000,	0.262534,1.057391,	-0.929817,0.230859
0.000000,	0.867107,0.660398,	-0.580354,0.762010
0.000000,	0.253748,1.060477,	-0.931354,0.222852
0.000000,	-1.090804,0.012085,	-0.010607,-0.957385
0.000000,	0.568911,0.931311,	-0.816885,0.499011
0.000000,	1.025100,-0.375726,	0.329354,0.898585
0.000000,	0.466408,-0.987655,	0.865217,0.408588
0.000000,	0.239137,-1.066215,	0.933451,0.209360
0.000000,	0.036231,1.092560,	-0.955915,0.031700
0.000000,	-0.826708,-0.715929,	0.625996,-0.722859
0.000000,	-0.028902,1.093693,	-0.955707,-0.025256
0.000000,	-0.818812,-0.726324,	0.634290,-0.715058
0.000000,	0.309931,1.050211,	-0.916563,0.270489
0.000000,	0.984458,0.480461,	-0.419056,0.858640
0.000000,	-1.081945,-0.174341,	0.151965,-0.943079
0.000000,	0.927557,-0.584498,	0.509161,0.808002
0.000000,	-1.071240,0.235467,	-0.204989,-0.932583
0.000000,	0.702649,-0.842783,	0.733240,0.611320
0.000000,	0.229699,-1.073424,	0.933321,0.199719
0.000000,	0.551856,-0.949450,	0.825014,0.479530
0.000000,	0.880432,-0.657145,	0.570665,0.764566
0.000000,	-0.969264,-0.518197,	0.449723,-0.841185
0.000000,	-0.301582,1.057378,	-0.917087,-0.261569
0.000000,	0.967911,0.522637,	-0.453013,0.838970
0.000000,	1.089571,-0.154387,	0.133737,0.943838
0.000000,	-1.046126,-0.342958,	0.296903,-0.905643
0.000000,	-0.978847,0.504836,	-0.436772,-0.846874
0.000000,	-1.091927,0.147297,	-0.127359,-0.944125
0.000000,	1.032738,0.385294,	-0.332935,0.892397
0.000000,	0.467073,0.998921,	-0.862643,0.403352
0.000000,	0.063949,1.101322,	-0.950488,0.055190
0.000000,	-0.601849,-0.925083,	0.797894,-0.519101
0.000000,	-0.955699,0.552846,	-0.476542,-0.823794
0.000000,	0.151334,-1.094120,	0.942530,0.130367
0.000000,	0.760419,0.801725,	-0.690222,0.654660
0.000000,	0.325316,1.056489,	-0.908995,0.279899
0.000000,	0.889870,0.656606,	-0.564592,0.765168
0.000000,	0.055268,-1.104964,	0.949537,0.047494
0.000000,	0.407514,-1.029044,	0.883755,0.349978
0.000000,	-1.102989,-0.097031,	0.083280,-0.946680
0.000000,	0.435052,1.018690,	-0.873793,0.373171
0.000000,	1.104746,0.086813,	-0.074419,0.947030
0.000000,	-1.073272,-0.277646,	0.237863,-0.919488
0.000000,	1.097516,-0.159559,	0.136613,0.939684
0.000000,	0.311522,-1.064873,	0.911180,0.266560
0.000000,	-1.106151,0.091818,	-0.078518,-0.945924
0.000000,	-1.074205,-0.281218,	0.240337,-0.918047
0.000000,	1.060633,-0.330239,	0.282060,0.905897
0.000000,	-0.108736,-1.105973,	0.944049,-0.092816
0.000000,	-1.090426,0.216728,	-0.184885,-0.930213
0.000000,	-0.506091,0.990390,	-0.844363,-0.431470
0.000000,	-0.989112,0.509566,	-0.434170,-0.842762
0.000000,	-1.077044,-0.281027,	0.239301,-0.917128
0.000000,	-1.075836,-0.287362,	0.244548,-0.915545
0.000000,	-0.717855,-0.851871,	0.724511,-0.610531
0.000000,	-0.024582,-1.114179,	0.947030,-0.020894
0.000000,	-0.651575,0.904682,	-0.768498,-0.553492
0.000000,	0.303083,-1.073378,	0.911250,0.257304
0.000000,	0.439236,1.025706,	-0.870253,0.372667
0.000000,	-0.698957,-0.870321,	0.737974,-0.592669
0.000000,	-0.330128,1.066778,	-0.904012,-0.279758
0.000000,	-0.282514,-1.080826,	0.915366,-0.239265
0.000000,	0.562311,-0.965819,	0.817474,0.475942
0.000000,	-0.978143,-0.541513,	0.458064,-0.827408
0.000000,	-0.689828,-0.880419,	0.744297,-0.583173
0.000000,	1.110215,0.139366,	-0.117748,0.938002
0.000000,	0.959992,-0.575687,	0.486097,0.810596
0.000000,	-0.190269,-1.103539,	0.931246,-0.160563
0.000000,	-0.622249,-0.931561,	0.785649,-0.524785
0.000000,	0.617662,-0.935144,	0.788199,0.520605
0.000000,	0.909800,0.655182,	-0.551900,0.766381
0.000000,	1.105263,-0.190769,	0.160601,0.930476
0.000000,	-1.117874,-0.096737,	0.081391,-0.940532
0.000000,	0.509913,0.999994,	-0.840852,0.428764
0.000000,	0.796303,-0.791771,	0.665370,0.669179
0.000000,	-0.533600,-0.988570,	0.830258,-0.448148
0.000000,	1.120844,0.081910,	-0.068752,0.940790
0.000000,	0.076406,-1.121678,	0.940931,0.064094
0.000000,	-0.920023,0.646960,	-0.542387,-0.771314
0.000000,	0.948748,0.604878,	-0.506807,0.794924
0.000000,	-0.917472,0.652108,	-0.546056,-0.768264
0.000000,	0.914432,0.657126,	-0.549932,0.765265
0.000000,	1.027775,0.461172,	-0.385715,0.859610
0.000000,	0.428031,1.042492,	-0.871405,0.357785
0.000000,	-1.098874,0.251944,	-0.210472,-0.917992
0.000000,	0.613445,0.946406,	-0.790155,0.512166
0.000000,	-0.227866,1.105024,	-0.922041,-0.190133
0.000000,	0.922793,0.649964,	-0.542016,0.769533
0.000000,	1.009550,-0.505775,	0.421526,0.841386
0.000000,	1.065312,-0.375648,	0.312891,0.887337
0.000000,	-0.868355,-0.723159,	0.601992,-0.722860
0.000000,	0.670078,0.910492,	-0.757492,0.557477
0.000000,	1.119083,0.163257,	-0.135743,0.930485
0.000000,	-0.076066,-1.128811,	0.938023,-0.063210
0.000000,	1.014100,0.502595,	-0.417404,0.842207
0.000000,	0.915615,-0.666070,	0.552846,0.759971
0.000000,	-1.109838,-0.226407,	0.187811,-0.920639
0.000000,	0.402172,-1.059367,	0.878259,0.333418
0.000000,	-0.206408,-1.114628,	0.923533,-0.171021
0.000000,	-1.087291,-0.322177,	0.266787,-0.900358
0.000000,	-0.004753,1.134450,	-0.938862,-0.003934
0.000000,	-0.712064,0.883722,	-0.730935,-0.588955
0.000000,	0.880171,-0.717147,	0.592814,0.727574
0.000000,	0.346925,-1.081500,	0.893479,0.286611
0.000000,	-0.117931,1.130085,	-0.933075,-0.097372
0.000000,	-1.074895,0.369595,	-0.304986,-0.886991
0.000000,	0.787025,0.820726,	-0.676861,0.649067
0.000000,	0.178508,-1.123448,	0.925981,0.147132
0.000000,	-0.475836,1.033722,	-0.851533,-0.391972
0.000000,	-0.934632,0.649971,	-0.535107,-0.769462
0.000000,	-1.042534,-0.458390,	0.377164,-0.857799
0.000000,	1.024999,0.497369,	-0.409000,0.842884
0.000000,	-0.282589,1.104148,	-0.907446,-0.232246
0.000000,	-0.893298,-0.708532,	0.581972,-0.733735
0.000000,	0.525865,-1.012159,	0.830885,0.431684
0.000000,	-0.783256,-0.829765,	0.680764,-0.642607
0.000000,	0.604266,0.968433,	-0.794075,0.495473
0.000000,	0.283773,1.106107,	-0.906440,0.232548
0.000000,	-0.170686,-1.129542,	0.925113,-0.139795
0.000000,	-0.986919,-0.576186,	0.471634,-0.807838
0.000000,	1.015423,-0.525277,	0.429716,0.830693
0.000000,	-1.120056,0.231248,	-0.189070,-0.915764
0.000000,	-0.062521,-1.142406,	0.933503,-0.051088
0.000000,	-1.144400,-0.018674,	0.015251,-0.934597
0.000000,	-0.239779,1.119601,	-0.913821,-0.195708
0.000000,	1.077763,-0.387850,	0.316383,0.879170
0.000000,	-0.413106,1.068805,	-0.871365,-0.336793
0.000000,	-0.103083,-1.141654,	0.930225,-0.083992
0.000000,	-0.785591,0.835372,	-0.680277,-0.639738
0.000000,	0.808791,0.813546,	-0.662126,0.658255
0.000000,	1.146273,0.055295,	-0.044978,0.932393
0.000000,	1.143644,0.100386,	-0.081609,0.929725
0.000000,	-1.128593,0.212787,	-0.172887,-0.916967
0.000000,	-1.113741,-0.282101,	0.229073,-0.904386
0.000000,	0.002798,-1.149344,	0.932767,0.002270
0.000000,	-1.137762,0.165822,	-0.134499,-0.922843
0.000000,	0.737532,-0.882636,	0.715504,0.597876
0.000000,	0.640521,0.955894,	-0.774451,0.518940
0.000000,	-1.111916,-0.297728,	0.241078,-0.900348
0.000000,	-0.134022,1.143695,	-0.925556,-0.108460
0.000000,	1.090381,-0.371577,	0.300535,0.881912
0.000000,	0.200485,-1.134815,	0.917332,0.162062
0.000000,	-0.091046,-1.149222,	0.928453,-0.073556
0.000000,	-0.944465,-0.661805,	0.534369,-0.762601
0.000000,	1.033500,0.512716,	-0.413755,0.834021
0.000000,	-1.119330,-0.281246,	0.226834,-0.902776
0.000000,	-0.449218,-1.063580,	0.857329,-0.362105
0.000000,	-0.133456,1.147253,	-0.924256,-0.107516
0.000000,	1.116700,0.296617,	-0.238828,0.899136
0.000000,	-0.690829,-0.926691,	0.745727,-0.555924
0.000000,	-0.987972,0.600759,	-0.483172,-0.794596
0.000000,	0.966488,-0.635532,	0.510852,0.776881
0.000000,	1.037099,0.513250,	-0.412328,0.833172
0.000000,	-0.340655,-1.106325,	0.888288,-0.273518
0.000000,	0.549564,1.019304,	-0.817960,0.441008
0.000000,	0.887307,-0.744773,	0.597323,0.711638
0.000000,	0.964056,-0.643115,	0.515503,0.772761
0.000000,	-0.799227,-0.839784,	0.672772,-0.640281
0.000000,	-0.788715,-0.850252,	0.680779,-0.631508
0.000000,	1.154346,0.116128,	-0.092929,0.923745
0.000000,	0.196095,1.143917,	-0.914890,0.156835
0.000000,	-0.713695,-0.915772,	0.732015,-0.570487
0.000000,	-1.154304,-0.128776,	0.102879,-0.922170
0.000000,	0.994989,0.599998,	-0.479070,0.794452
0.000000,	0.060089,1.160771,	-0.926307,0.047952
0.000000,	0.176148,-1.149335,	0.916673,0.140490
0.000000,	-0.156683,-1.152584,	0.918754,-0.124896
0.000000,	-0.954083,-0.666128,	0.530693,-0.760102
0.000000,	-0.022078,1.163835,	-0.926695,-0.017580
0.000000,	0.769226,-0.874237,	0.695720,0.612152
0.000000,	-1.163852,-0.049493,	0.039365,-0.925684
0.000000,	0.998386,-0.601019,	0.477764,0.793641
0.000000,	0.712482,-0.922697,	0.733068,0.566056
0.000000,	-0.440315,-1.079872,	0.857468,-0.349630
0.000000,	-0.395073,1.097687,	-0.871134,-0.313533
0.000000,	-0.173390,1.154095,	-0.915396,-0.137528
0.000000,	0.006976,-1.167455,	0.925483,0.005530
0.000000,	-0.180700,-1.153840,	0.914187,-0.143168
0.000000,	-0.555851,1.027633,	-0.813745,-0.440158
0.000000,	-0.206825,1.150315,	-0.910392,-0.163687
0.000000,	1.017128,-0.576585,	0.456076,0.804543
0.000000,	0.930724,-0.708345,	0.559990,0.735794
0.000000,	0.449878,-1.080097,	0.853415,0.355461
0.000000,	-0.931053,-0.709324,	0.560150,-0.735248
0.000000,	1.138909,-0.271820,	0.214538,0.898899
0.000000,	0.837219,0.819185,	-0.646199,0.660425
0.000000,	-0.907295,-0.741495,	0.584596,-0.715312
0.000000,	0.263086,1.142272,	-0.900077,0.207304
0.000000,	0.987483,-0.632358,	0.498008,0.777683
0.000000,	0.431275,-1.090872,	0.858638,0.339461
0.000000,	0.046749,-1.172525,	0.922405,0.036776
0.000000,	-0.992791,-0.626391,	0.492503,-0.780586
0.000000,	-0.268812,1.143127,	-0.898300,-0.211240
0.000000,	1.020962,0.581065,	-0.456368,0.801863
0.000000,	0.625641,0.994773,	-0.780870,0.491112
0.000000,	-1.157659,0.204514,	-0.160451,-0.908238
0.000000,	0.131260,1.168662,	-0.916373,0.102924
0.000000,	-0.860317,-0.802406,	0.628843,-0.674227
0.000000,	-0.332615,-1.128879,	0.884219,-0.260528
0.000000,	-1.078388,0.472312,	-0.369749,-0.844214
0.000000,	-1.131669,0.326075,	-0.255129,-0.885446
0.000000,	-0.373695,-1.117297,	0.873728,-0.292230
0.000000,	0.982214,-0.651350,	0.509082,0.767678
0.000000,	-0.548431,1.043659,	-0.815262,-0.428412
0.000000,	-0.957586,-0.688497,	0.537535,-0.747623
0.000000,	1.144703,0.285752,	-0.222977,0.893230
0.000000,	0.803316,0.864687,	-0.674366,0.626503
0.000000,	-0.303654,-1.140962,	0.889353,-0.236691
0.000000,	0.978152,-0.661981,	0.515721,0.762036
0.000000,	-0.719909,-0.936873,	0.729486,-0.560549
0.000000,	0.763505,-0.902253,	0.702152,0.594175
0.000000,	0.506522,-1.068380,	0.830989,0.393974
0.000000,	-1.033243,0.575681,	-0.447527,-0.803229
0.000000,	0.869219,-0.802782,	0.623737,0.675357
0.000000,	0.400922,-1.113670,	0.864825,0.311337
0.000000,	-0.456866,-1.092370,	0.847830,-0.354591
0.000000,	-0.442748,-1.098624,	0.852228,-0.343450
0.000000,	1.031719,-0.582713,	0.451783,0.799901
0.000000,	1.184598,0.041575,	-0.032216,0.917939
0.000000,	0.461514,1.092247,	-0.845925,0.357434
0.000000,	0.850361,-0.826974,	0.640134,0.658238
0.000000,	1.171176,-0.190647,	0.147495,0.906088
0.000000,	-1.158840,-0.257077,	0.198784,-0.896067
0.000000,	-0.010804,-1.187385,	0.917650,-0.008350
0.000000,	-1.101369,-0.444955,	0.343693,-0.850722
0.000000,	1.182311,0.118913,	-0.091803,0.912758
0.000000,	0.788851,0.889221,	-0.686125,0.608679
0.000000,	0.768735,0.907219,	-0.699641,0.592843
0.000000,	1.010745,0.627212,	-0.483445,0.779066
0.000000,	0.511811,-1.074267,	0.827589,0.394287
0.000000,	1.181920,-0.141651,	0.109067,0.910040
0.000000,	0.111602,1.185557,	-0.912358,0.085884
0.000000,	1.185276,0.118828,	-0.091397,0.911660
0.000000,	-1.182565,0.146763,	-0.112824,-0.909094
0.000000,	0.438588,1.108441,	-0.851661,0.336985
0.000000,	0.997968,-0.652733,	0.501258,0.766376
0.000000,	0.078243,1.190327,	-0.913614,0.060054
0.000000,	1.188731,0.104494,	-0.080160,0.911908
0.000000,	-0.886528,0.799418,	-0.612933,-0.679722
0.000000,	1.178206,0.194502,	-0.149051,0.902883
0.000000,	-1.193521,-0.050065,	0.038346,-0.914139
0.000000,	-1.121842,0.411669,	-0.315139,-0.858787
0.000000,	0.044000,1.194598,	-0.914003,0.033665
0.000000,	0.244379,-1.170589,	0.895164,0.186880
0.000000,	-0.829129,-0.862291,	0.659059,-0.633713
0.000000,	1.143925,-0.351335,	0.268389,0.873857
0.000000,	-1.017400,0.630791,	-0.481616,-0.776796
0.000000,	1.189945,-0.134278,	0.102469,0.908061
0.000000,	0.043819,1.197113,	-0.913054,0.033421
0.000000,	1.198327,-0.003445,	0.002626,0.913502
0.000000,	0.762902,0.924651,	-0.704507,0.581268
0.000000,	-1.173265,0.247889,	-0.188772,-0.893464
0.000000,	-1.192956,-0.125925,	0.095844,-0.907985
0.000000,	0.944737,0.739913,	-0.562871,0.718686
0.000000,	-1.156219,-0.322733,	0.245384,-0.879108
0.000000,	-1.097309,-0.487763,	0.370668,-0.833883
0.000000,	1.190693,0.158902,	-0.120692,0.904378
0.000000,	-1.002200,0.663019,	-0.503328,-0.760815
0.000000,	1.143579,-0.370440,	0.281072,0.867692
0.000000,	1.084938,-0.518566,	0.393258,0.822770
0.000000,	0.353586,-1.149773,	0.871486,0.268005
0.000000,	-1.198463,0.108107,	-0.081899,-0.907921
0.000000,	-0.302877,1.165017,	-0.882127,-0.229332
0.000000,	-0.570652,1.060356,	-0.802465,-0.431863
0.000000,	-0.363392,-1.148454,	0.868686,-0.274869
0.000000,	0.981010,0.699727,	-0.528998,0.741649
0.000000,	0.866601,0.837856,	-0.633097,0.654817
0.000000,	-1.197515,0.141269,	-0.106690,-0.904394
0.000000,	0.971896,0.714436,	-0.539282,0.733622
0.000000,	1.081070,-0.535992,	0.404378,0.815610
0.000000,	-0.688860,0.991197,	-0.747421,-0.519441
0.000000,	-0.650492,1.017281,	-0.766695,-0.490257
0.000000,	0.572344,1.063683,	-0.801255,0.431138
0.000000,	-0.877238,-0.830935,	0.625608,-0.660470
0.000000,	-1.199801,-0.146552,	0.110282,-0.902862
0.000000,	-0.444279,1.124552,	-0.845802,-0.334153
0.000000,	-0.977937,0.711786,	-0.535077,-0.735153
0.000000,	0.601674,1.049756,	-0.788738,0.452070
0.000000,	0.241648,1.186004,	-0.890652,0.181470
0.000000,	1.094006,-0.518797,	0.389401,0.821144
0.000000,	-0.768738,-0.935971,	0.702166,-0.576707
0.000000,	-1.211535,-0.013546,	0.010157,-0.908430
0.000000,	-0.968218,-0.729077,	0.546396,-0.725616
0.000000,	0.511978,1.099035,	-0.823235,0.383498
0.000000,	0.275205,-1.181212,	0.884338,0.206038
0.000000,	-1.211644,-0.062596,	0.046840,-0.906660
0.000000,	-0.955643,-0.748163,	0.559557,-0.714732
0.000000,	-0.361239,-1.159097,	0.866456,-0.270036
0.000000,	-0.196776,-1.198449,	0.895417,-0.147020
0.000000,	0.580590,1.067200,	-0.796950,0.433565
0.000000,	0.897265,0.819704,	-0.611817,0.669708
0.000000,	1.188224,0.257146,	-0.191834,0.886426
0.000000,	0.593292,1.061605,	-0.791565,0.442377
0.000000,	-0.720055,-0.980571,	0.730774,-0.536623
0.000000,	-1.055119,-0.606402,	0.451694,-0.785932
0.000000,	0.803843,0.914241,	-0.680651,0.598460
0.000000,	-0.436691,1.136794,	-0.845913,-0.324952
0.000000,	1.216197,-0.069743,	0.051871,0.904542
0.000000,	-1.218603,-0.002733,	0.002031,-0.905873
0.000000,	-0.543760,1.091020,	-0.810622,-0.404011
0.000000,	-1.137377,0.439742,	-0.326561,-0.844639
0.000000,	0.987623,0.715962,	-0.531420,0.733059
0.000000,	0.954959,-0.759640,	0.563556,0.708457
0.000000,	-0.317384,1.178672,	-0.873984,-0.235340
0.000000,	1.118392,0.490101,	-0.363226,0.828869
0.000000,	0.951979,-0.765334,	0.566923,0.705181
0.000000,	0.894159,0.832754,	-0.616555,0.662018
0.000000,	0.589333,1.070835,	-0.792427,0.436112
0.000000,	0.378020,-1.162799,	0.860050,0.279598
0.000000,	-0.787300,0.936033,	-0.691978,-0.582025
0.000000,	-1.029702,-0.660843,	0.488294,-0.760844
0.000000,	0.157282,-1.213780,	0.896409,0.116157
0.000000,	-1.166002,0.373416,	-0.275640,-0.860692
